
-- BOOKS
INSERT INTO books (id, title, author, rating, synopsis, genre, created_at) VALUES
(1000, 'Things Fall Apart', 'Chinua Achebe', 5, 'Classic novel about Igbo society and colonialism.', 'Classic', NOW()),
(1001, 'Americanah', 'Chimamanda Ngozi Adichie', 3, 'A love story exploring race and migration.', 'Romance', NOW()),
(1002, 'Born a Crime', 'Trevor Noah', 5, 'Memoir of growing up in South Africa under apartheid.', 'Biography', NOW()),
(1003, 'The Famished Road', 'Ben Okri', 4, 'Magical realist novel about an abiku child.', 'Magical Realism', NOW()),
(1004, 'Season of Migration to the North', 'Tayeb Salih', 4, 'Story of postcolonial identity and exile.', 'Literary Fiction', NOW()),
(1005, 'The Joys of Motherhood', 'Buchi Emecheta', 5, 'Life of a Nigerian woman navigating tradition and modernity.', 'Fiction', NOW()),
(1006, 'So Long a Letter', 'Mariama Bâ', 4, 'Epistolary novel on women, tradition, and independence.', 'Literary Fiction', NOW()),
(1007, 'No Longer at Ease', 'Chinua Achebe', 3, 'Sequel to Things Fall Apart about corruption and colonial rule.', 'Classic', NOW()),
(1008, 'The Secret Lives of Baba Segi’s Wives', 'Lola Shoneyin', 4, 'Dark comedy exploring polygamy in Nigeria.', 'Fiction', NOW()),
(1009, 'Every Day is for the Thief', 'Teju Cole', 3, 'Narrative of a returnee navigating Lagos.', 'Fiction', NOW()),
(1010, 'Open City', 'Teju Cole', 4, 'Meditative novel set in New York, exploring identity.', 'Literary Fiction', NOW()),
(1011, 'The Fishermen', 'Chigozie Obioma', 5, 'A prophecy changes the fate of four brothers.', 'Fiction', NOW()),
(1012, 'An Orchestra of Minorities', 'Chigozie Obioma', 4, 'Epic tale of love, destiny, and Igbo cosmology.', 'Fiction', NOW()),
(1013, 'Waiting for an Angel', 'Helon Habila', 3, 'Struggles of life under a military dictatorship.', 'Fiction', NOW()),
(1014, 'Measuring Time', 'Helon Habila', 4, 'Twin brothers take different life paths.', 'Historical Fiction', NOW()),
(1015, 'Graceland', 'Chris Abani', 3, 'Young Elvis impersonator in Lagos slum.', 'Fiction', NOW()),
(1016, 'Behold the Dreamers', 'Imbolo Mbue', 5, 'Cameroonian family in New York during financial crisis.', 'Fiction', NOW()),
(1017, 'We Need New Names', 'NoViolet Bulawayo', 4, 'A girl’s journey from Zimbabwe to America.', 'Fiction', NOW()),
(1018, 'Purple Hibiscus', 'Chimamanda Ngozi Adichie', 4, 'Coming-of-age story in postcolonial Nigeria.', 'Fiction', NOW()),
(1019, 'Half of a Yellow Sun', 'Chimamanda Ngozi Adichie', 5, 'Story of love and war during the Biafran conflict.', 'Historical Fiction', NOW()),
(1020, 'Dust', 'Yvonne Adhiambo Owuor', 4, 'A Kenyan family saga shaped by politics and memory.', 'Literary Fiction', NOW());

-- USERS
INSERT INTO users (id, username, email, role, created_at) VALUES
(1, 'amina', 'amina@example.com', 'USER', NOW()),
(2, 'james', 'james@example.com', 'ADMIN', NOW()),
(3, 'chioma', 'chioma@example.com', 'USER', NOW()),
(4, 'lucas', 'lucas@example.com', 'USER', NOW()),
(5, 'fatima', 'fatima@example.com', 'MODERATOR', NOW()),
(6, 'michael', 'michael@example.com', 'USER', NOW()),
(7, 'grace', 'grace@example.com', 'USER', NOW()),
(8, 'ibrahim', 'ibrahim@example.com', 'USER', NOW()),
(9, 'nora', 'nora@example.com', 'USER', NOW()),
(10, 'peter', 'peter@example.com', 'USER', NOW()),
(11, 'sophia', 'sophia@example.com', 'USER', NOW()),
(12, 'daniel', 'daniel@example.com', 'USER', NOW()),
(13, 'leila', 'leila@example.com', 'USER', NOW()),
(14, 'ahmed', 'ahmed@example.com', 'USER', NOW()),
(15, 'john', 'john@example.com', 'USER', NOW()),
(16, 'maryam', 'maryam@example.com', 'USER', NOW()),
(17, 'tolu', 'tolu@example.com', 'USER', NOW()),
(18, 'emma', 'emma@example.com', 'USER', NOW()),
(19, 'paul', 'paul@example.com', 'USER', NOW()),
(20, 'zara', 'zara@example.com', 'USER', NOW());

-- REVIEWS
INSERT INTO reviews (id, content, rating, book_id, user_id, created_at) VALUES
(1, 'Absolutely loved this book, very moving.', 5, 1000, 1, NOW()),
(2, 'Well written but a bit slow in parts.', 3, 1001, 2, NOW()),
(3, 'A masterpiece. Every student should read it.', 5, 1002, 3, NOW()),
(4, 'Not really my style, but beautifully written.', 3, 1003, 4, NOW()),
(5, 'Hilarious and heartbreaking at the same time.', 5, 1004, 5, NOW()),
(6, 'A deep and imaginative novel.', 4, 1005, 6, NOW()),
(7, 'Challenging read but rewarding.', 4, 1006, 7, NOW()),
(8, 'Strong storytelling, I enjoyed it.', 4, 1007, 8, NOW()),
(9, 'Couldn’t put it down!', 5, 1008, 9, NOW()),
(10, 'A book that stays with you long after reading.', 5, 1009, 10, NOW()),
(11, 'Unique and powerful, though dense in style.', 4, 1010, 11, NOW()),
(12, 'Simple, elegant, and insightful.', 5, 1011, 12, NOW()),
(13, 'Didn’t connect with me, but I see its value.', 3, 1012, 13, NOW()),
(14, 'A bold story told with creativity.', 4, 1013, 14, NOW()),
(15, 'Philosophical, though sometimes hard to follow.', 3, 1014, 15, NOW()),
(16, 'Achebe never disappoints, a timeless story.', 5, 1000, 16, NOW()), 
(17, 'Americanah was eye-opening, loved it.', 4, 1001, 17, NOW()),       
(18, 'Born a Crime made me laugh and cry.', 5, 1002, 18, NOW()),        
(19, 'One of the best books I’ve read this year.', 5, 1000, 19, NOW()), 
(20, 'Purple Hibiscus is beautifully written.', 5, 1018, 20, NOW()),   
(21, 'Achebe’s writing is powerful as always.', 5, 1007, 1, NOW()), 
(22, 'I liked the themes but pacing was slow.', 3, 1009, 1, NOW()), 

(23, 'Americanah changed my perspective on race.', 4, 1010, 2, NOW()), 

(24, 'Born a Crime is both funny and heartbreaking.', 5, 1011, 3, NOW()); 
